Date,tmin (degrees F),tmean (degrees F),tmax (degrees F),vpdmin (hPa),vpdmax (hPa)
2018-05-04,42.5,57.8,73.1,0.10,12.01
2018-05-05,48.1,56.7,65.3,0.49,8.73
2018-05-06,47.3,59.9,72.5,0.32,13.71
2018-05-07,48.8,57.4,65.9,0.58,7.55
2018-05-08,45.2,58.3,71.4,0.14,10.64
2018-05-09,46.7,60.1,73.5,0.23,13.07
2018-05-10,49.4,58.6,67.9,0.44,11.48
2018-05-11,44.3,54.3,64.3,0.48,10.02
2018-05-12,44.1,55.3,66.6,0.37,9.80
2018-05-13,45.8,61.8,77.9,0.24,19.93
2018-05-14,46.3,65.8,85.3,0.26,27.09
2018-05-15,46.9,65.2,83.4,0.27,21.82
2018-05-16,48.3,59.8,71.3,0.34,10.10
2018-05-17,50.6,58.6,66.7,1.03,8.61
2018-05-18,45.6,57.2,68.8,0.38,9.94
2018-05-19,49.5,59.7,69.8,0.58,11.08
2018-05-20,47.4,58.6,69.9,0.66,11.11
2018-05-21,42.8,56.4,70.0,0.27,12.72
2018-05-22,44.7,59.3,73.8,0.31,17.47
2018-05-23,47.9,65.5,83.0,0.47,22.65
2018-05-24,51.7,63.2,74.7,0.56,12.64
2018-05-25,54.0,63.6,73.3,0.99,11.52
2018-05-26,42.3,55.2,68.0,0.40,10.44
2018-05-27,43.2,54.9,66.6,0.29,10.70
2018-05-28,44.6,61.5,78.4,0.40,19.44
2018-05-29,47.1,60.8,74.6,0.64,15.96
2018-05-30,40.1,53.5,66.9,0.64,13.22
2018-05-31,43.0,55.1,67.1,0.96,13.80
2018-06-01,39.5,51.8,64.1,0.23,10.64
2018-06-02,39.9,56.1,72.3,0.26,17.46
2018-06-03,44.4,62.9,81.4,0.69,24.04
2018-06-04,48.6,60.6,72.6,0.77,16.11
2018-06-05,41.3,55.4,69.5,0.39,14.92
2018-06-06,40.9,56.9,72.8,0.34,17.05
2018-06-07,44.6,60.6,76.6,0.56,18.65
2018-06-08,51.5,61.7,72.0,1.70,14.48
2018-06-09,50.9,59.5,68.1,0.47,11.79
2018-06-10,47.3,54.7,62.2,0.30,8.29
2018-06-11,47.9,52.9,58.0,0.41,5.24
2018-06-12,46.4,58.5,70.6,0.63,15.64
2018-06-13,44.9,62.7,80.4,0.90,24.73
2018-06-14,50.6,58.1,65.7,0.97,9.96
2018-06-15,48.9,57.6,66.4,0.82,12.48
2018-06-16,50.8,60.7,70.6,0.96,13.48
2018-06-17,52.1,64.4,76.7,0.81,18.54
2018-06-18,53.6,70.7,87.8,0.90,32.57
2018-06-19,52.2,67.6,82.9,0.52,23.38
2018-06-20,50.7,69.8,89.0,0.44,35.26
2018-06-21,55.8,69.3,82.8,0.73,19.51
2018-06-22,57.0,66.4,75.9,1.41,15.43
2018-06-23,56.5,67.0,77.4,1.65,17.44
2018-06-24,53.5,65.5,77.4,1.25,18.29
2018-06-25,52.7,71.1,89.5,1.01,33.36
2018-06-26,45.9,59.0,72.1,0.56,14.27
2018-06-27,45.6,60.9,76.2,0.57,20.37
2018-06-28,45.7,61.8,77.9,0.49,20.17
2018-06-29,45.4,60.8,76.2,0.49,19.11
2018-06-30,46.0,63.8,81.6,0.50,24.05
2018-07-01,48.6,66.0,83.4,0.43,24.72
2018-07-02,51.2,65.6,79.9,1.60,21.33
2018-07-03,44.6,58.4,72.1,0.93,17.24
2018-07-04,42.9,59.8,76.7,0.58,20.30
2018-07-05,52.6,63.4,74.3,0.50,14.28
2018-07-06,49.8,67.8,85.7,0.11,28.13
2018-07-07,49.6,63.9,78.2,0.69,19.07
2018-07-08,51.6,66.3,81.0,0.93,24.82
2018-07-09,50.2,66.1,82.1,0.60,22.40
2018-07-10,51.7,61.3,70.9,0.87,11.01
2018-07-11,54.6,67.2,79.7,1.21,20.74
2018-07-12,57.0,72.5,88.1,1.60,31.77
2018-07-13,60.4,78.7,97.0,3.06,47.33
2018-07-14,56.2,74.9,93.6,1.86,39.74
2018-07-15,53.6,73.0,92.4,1.50,40.01
2018-07-16,56.1,76.4,96.6,1.42,44.62
2018-07-17,56.0,75.8,95.5,1.40,42.42
2018-07-18,53.1,70.9,88.7,0.71,30.72
2018-07-19,52.6,69.8,87.1,0.61,27.07
2018-07-20,49.7,62.7,75.7,1.33,18.04
2018-07-21,47.9,63.7,79.5,1.54,23.56
2018-07-22,47.9,64.9,81.9,1.57,26.56
2018-07-23,51.9,71.6,91.3,1.45,39.58
2018-07-24,52.3,72.8,93.2,1.01,39.82
2018-07-25,53.9,74.7,95.4,1.08,46.80
2018-07-26,54.0,75.2,96.4,1.90,47.30
2018-07-27,54.1,75.3,96.4,1.49,46.27
2018-07-28,51.6,71.0,90.4,0.89,37.06
2018-07-29,50.6,70.8,91.1,0.67,36.27
2018-07-30,55.5,76.1,96.7,1.17,45.69
2018-07-31,56.3,72.3,88.2,1.59,27.37
2018-08-01,51.9,70.6,89.2,0.82,32.36
2018-08-02,50.9,68.9,86.9,0.73,28.45
2018-08-03,52.7,63.4,74.1,1.13,13.37
2018-08-04,52.7,65.0,77.2,0.92,17.13
2018-08-05,50.9,68.1,85.3,0.65,28.10
2018-08-06,50.8,69.8,88.7,0.72,32.76
2018-08-07,54.9,71.8,88.6,0.90,29.99
2018-08-08,55.6,74.5,93.5,0.88,37.06
2018-08-09,55.2,73.6,91.9,1.23,34.89
2018-08-10,54.8,75.0,95.3,0.94,41.77
2018-08-11,57.7,73.0,88.3,1.55,28.87
2018-08-12,52.5,65.0,77.5,0.65,17.54
2018-08-13,50.3,65.4,80.6,0.43,21.88
2018-08-14,53.8,71.1,88.4,1.08,31.50
2018-08-15,54.3,73.2,92.1,0.88,39.10
2018-08-16,54.8,69.8,84.8,0.62,21.86
2018-08-17,49.2,65.8,82.4,0.60,21.49
2018-08-18,47.6,64.9,82.2,0.73,29.62
2018-08-19,48.6,67.6,86.6,1.04,30.77
2018-08-20,51.0,68.5,86.0,0.84,27.37
2018-08-21,52.1,66.7,81.3,0.74,20.56
2018-08-22,54.9,73.7,92.5,1.95,40.18
2018-08-23,51.4,70.9,90.4,1.04,35.66
2018-08-24,50.6,59.2,67.9,0.84,8.45
2018-08-25,46.0,59.3,72.6,0.79,16.80
2018-08-26,45.4,60.4,75.3,0.61,18.03
2018-08-27,54.1,62.5,70.9,1.25,12.63
2018-08-28,56.0,66.6,77.1,1.43,19.43
2018-08-29,50.3,69.1,87.9,2.32,37.35
2018-08-30,48.3,65.7,83.1,1.22,25.95
2018-08-31,50.2,61.2,72.3,0.66,12.40
2018-09-01,49.6,63.6,77.7,0.92,19.19
2018-09-02,49.5,62.5,75.4,1.56,18.47
2018-09-03,48.6,65.7,82.7,1.27,28.07
2018-09-04,47.8,63.8,79.9,1.41,22.62
2018-09-05,45.8,63.6,81.4,1.63,26.13
2018-09-06,48.0,68.2,88.5,1.10,35.58
2018-09-07,47.6,66.1,84.7,0.96,26.85
2018-09-08,45.1,64.0,82.8,0.55,25.39
2018-09-09,48.0,62.4,76.9,0.67,19.14
2018-09-10,45.5,62.7,79.8,0.41,23.15
2018-09-11,52.1,63.0,74.0,0.95,16.83
2018-09-12,51.1,59.8,68.4,0.44,11.72
2018-09-13,48.0,56.6,65.1,0.26,7.13
2018-09-14,45.9,56.6,67.3,0.16,9.29
2018-09-15,44.4,57.1,69.9,0.13,12.53
2018-09-16,44.5,55.4,66.4,0.18,10.50
2018-09-17,46.0,56.1,66.3,0.37,8.74
2018-09-18,43.7,55.9,68.1,0.31,12.93
2018-09-19,41.9,56.6,71.3,0.29,16.48
2018-09-20,41.1,56.7,72.3,0.24,16.79
2018-09-21,44.2,58.7,73.1,0.24,18.05
2018-09-22,45.3,60.7,76.1,0.43,17.63
2018-09-23,42.6,55.6,68.6,0.22,10.68
2018-09-24,41.0,55.1,69.2,0.19,16.35
2018-09-25,41.7,56.9,72.0,0.57,17.49
2018-09-26,47.1,64.0,80.8,1.65,27.66
2018-09-27,46.6,65.4,84.2,1.44,31.80
2018-09-28,46.7,66.0,85.4,0.88,30.33
2018-09-29,46.1,66.5,86.8,0.50,31.16
2018-09-30,52.4,60.4,68.4,0.65,10.06
2018-10-01,53.0,62.6,72.1,0.61,13.92
2018-10-02,55.4,64.6,73.8,1.41,15.14
2018-10-03,38.7,55.3,71.8,0.29,14.52
2018-10-04,37.8,52.9,68.1,0.22,15.39
2018-10-05,40.2,53.3,66.3,0.58,14.07
2018-10-06,43.1,50.1,57.2,0.43,2.58
2018-10-07,42.5,53.4,64.3,0.17,8.04
2018-10-08,43.5,50.8,58.1,0.13,4.55
2018-10-09,53.2,59.5,65.8,0.30,4.42
2018-10-10,41.6,53.9,66.3,0.20,11.27
2018-10-11,40.8,53.5,66.2,0.18,10.63
2018-10-12,38.6,54.1,69.6,0.35,16.98
2018-10-13,37.5,55.0,72.5,0.25,19.20
2018-10-14,42.4,57.3,72.2,0.36,19.08
2018-10-15,39.4,56.4,73.4,3.06,24.35
2018-10-16,35.1,55.3,75.4,0.67,23.93
2018-10-17,35.3,57.8,80.3,0.40,27.84
2018-10-18,36.8,57.0,77.3,0.39,24.95
2018-10-19,35.2,55.4,75.7,0.14,21.06
2018-10-20,35.6,54.6,73.6,0.12,18.12
2018-10-21,37.8,55.0,72.2,0.14,16.21
2018-10-22,36.1,53.1,70.1,0.09,13.75
2018-10-23,37.7,53.5,69.2,0.08,12.19
2018-10-24,40.2,49.8,59.5,0.07,5.80
2018-10-25,44.4,53.8,63.1,0.05,6.89
2018-10-26,46.0,53.5,60.9,0.32,6.07
2018-10-27,52.3,57.8,63.3,0.23,4.12
2018-10-28,50.7,58.0,65.4,0.16,4.98
2018-10-29,49.0,56.3,63.5,0.51,8.89
2018-10-30,40.5,50.3,60.2,0.02,5.90
2018-10-31,42.3,48.4,54.5,0.08,2.74
2018-11-01,50.3,54.1,58.0,0.31,1.26
2018-11-02,55.6,60.0,64.5,0.67,4.16
2018-11-03,45.1,55.1,65.0,0.19,9.81
2018-11-04,44.4,51.1,57.8,0.09,3.70
2018-11-05,46.6,54.8,63.1,0.31,9.16
2018-11-06,45.0,51.9,58.8,0.29,5.68
2018-11-07,36.0,47.2,58.4,0.05,7.87
2018-11-08,35.4,44.3,53.2,0.08,4.79
2018-11-09,29.1,40.4,51.7,0.03,4.43
2018-11-10,28.3,38.6,48.8,0.06,3.03
2018-11-11,30.2,40.1,50.0,0.02,3.90
2018-11-12,30.7,43.8,56.8,0.32,8.98
2018-11-13,30.6,44.1,57.7,0.35,9.82
2018-11-14,30.2,40.1,50.0,0.08,4.91
2018-11-15,34.5,44.2,53.9,0.10,4.37
2018-11-16,36.7,45.5,54.3,0.04,3.57
2018-11-17,38.1,47.8,57.4,0.05,3.88
2018-11-18,35.4,48.2,61.1,1.18,12.14
2018-11-19,29.0,42.5,55.9,0.04,7.91
2018-11-20,27.7,40.8,54.0,0.03,6.97
2018-11-21,27.8,38.6,49.5,0.02,4.31
2018-11-22,39.8,45.4,50.9,0.16,2.04
2018-11-23,45.3,48.1,51.0,0.41,2.32
2018-11-24,35.8,43.8,51.8,0.06,2.44
2018-11-25,34.6,40.8,47.1,0.02,0.92
2018-11-26,38.8,42.3,45.9,0.04,1.64
2018-11-27,42.0,50.2,58.5,0.10,5.82
2018-11-28,46.0,53.0,59.9,0.19,4.57
2018-11-29,43.3,48.9,54.5,0.04,2.93
2018-11-30,41.3,45.4,49.6,0.22,2.22
2018-12-01,39.5,44.3,49.2,0.14,2.02
2018-12-02,37.7,41.3,44.9,0.15,1.65
2018-12-03,32.2,40.5,48.7,0.08,3.61
2018-12-04,30.4,37.5,44.6,0.05,2.58
2018-12-05,30.4,39.7,49.1,0.68,6.05
2018-12-06,28.1,37.4,46.6,0.51,5.08
2018-12-07,25.7,35.3,44.8,0.46,4.86
2018-12-08,25.5,32.4,39.3,0.17,2.70
2018-12-09,35.1,38.3,41.5,0.06,0.94
2018-12-10,35.3,38.2,41.2,0.02,1.30
2018-12-11,35.6,42.9,50.3,0.00,1.49
2018-12-12,40.0,45.3,50.7,0.15,2.11
2018-12-13,36.6,44.1,51.7,0.10,3.41
2018-12-14,32.9,43.0,53.2,0.04,5.26
2018-12-15,31.9,42.8,53.6,0.08,4.87
2018-12-16,36.2,41.2,46.3,0.02,2.07
2018-12-17,40.0,45.6,51.2,0.01,1.57
2018-12-18,40.6,46.2,51.8,0.05,3.20
2018-12-19,43.5,50.3,57.2,0.21,4.67
2018-12-20,42.7,48.0,53.2,0.06,2.72
2018-12-21,32.9,43.6,54.2,0.07,3.49
2018-12-22,29.4,38.2,46.9,0.01,2.30
2018-12-23,30.0,38.2,46.4,0.02,1.82
2018-12-24,44.3,47.7,51.1,0.03,1.36
2018-12-25,39.8,44.1,48.4,0.15,1.81
2018-12-26,35.4,41.0,46.6,0.07,2.80
2018-12-27,35.3,40.5,45.6,0.10,1.17
2018-12-28,35.6,42.3,49.0,0.06,3.21
2018-12-29,39.9,43.3,46.7,0.26,2.15
2018-12-30,43.6,47.3,51.0,0.28,2.70
2018-12-31,31.3,40.6,49.9,0.06,4.78
2019-01-01,27.7,36.7,45.8,0.01,3.40
2019-01-02,26.6,33.5,40.3,0.02,1.68
2019-01-03,27.1,37.3,47.5,0.04,3.10
2019-01-04,42.7,48.3,54.0,0.56,5.34
2019-01-05,36.8,42.7,48.6,0.05,0.98
2019-01-06,38.7,43.6,48.6,0.03,2.24
2019-01-07,33.9,39.1,44.2,0.10,1.63
2019-01-08,32.0,38.6,45.2,0.04,2.14
2019-01-09,38.8,42.3,45.8,0.14,1.47
2019-01-10,38.0,45.7,53.4,0.08,2.66
2019-01-11,40.4,49.1,57.7,0.06,5.26
2019-01-12,32.7,42.3,51.9,0.00,4.49
2019-01-13,30.2,40.5,50.9,0.01,4.45
2019-01-14,28.4,39.6,50.7,0.01,5.45
2019-01-15,26.2,37.3,48.4,0.08,5.35
2019-01-16,30.7,37.1,43.5,0.62,3.68
2019-01-17,32.3,37.0,41.7,0.07,1.99
2019-01-18,38.0,44.6,51.3,0.03,3.12
2019-01-19,39.4,46.1,52.9,0.18,1.68
2019-01-20,44.1,48.7,53.4,0.12,3.10
2019-01-21,35.8,40.4,45.0,0.03,1.11
2019-01-22,34.6,41.1,47.6,0.02,2.32
2019-01-23,38.8,43.8,48.8,0.31,1.60
2019-01-24,37.9,46.0,54.0,0.06,3.63
2019-01-25,34.2,42.7,51.2,0.00,3.91
2019-01-26,32.2,41.3,50.3,0.00,3.60
2019-01-27,31.0,36.0,41.1,0.00,0.54
2019-01-28,36.1,38.4,40.8,0.00,0.22
2019-01-29,33.0,42.8,52.7,0.08,6.78
2019-01-30,28.9,40.7,52.6,0.06,6.61
2019-01-31,28.1,39.9,51.8,0.02,5.49
2019-02-01,28.7,39.3,50.0,0.04,3.28
2019-02-02,40.7,46.0,51.4,0.01,1.29
2019-02-03,39.9,45.1,50.2,0.02,1.58
2019-02-04,33.9,39.6,45.3,0.15,2.58
2019-02-05,29.4,35.3,41.1,0.08,2.76
2019-02-06,28.9,33.6,38.2,0.06,1.07
2019-02-07,25.5,31.6,37.7,0.09,2.02
2019-02-08,25.8,31.6,37.3,0.15,2.06
2019-02-09,29.7,35.1,40.6,0.09,1.76
2019-02-10,28.7,34.5,40.2,0.12,2.30
2019-02-11,27.6,33.3,38.9,0.33,2.09
2019-02-12,38.2,42.0,45.7,0.17,1.98
2019-02-13,38.6,42.2,45.8,0.06,1.99
2019-02-14,38.6,41.9,45.2,0.03,1.32
2019-02-15,37.4,41.5,45.5,0.16,2.33
2019-02-16,37.6,42.2,46.9,0.34,3.66
2019-02-17,32.0,38.6,45.2,0.08,2.56
2019-02-18,28.8,35.6,42.4,0.03,2.26
2019-02-19,28.5,36.4,44.3,0.04,3.09
2019-02-20,34.9,39.1,43.2,0.18,1.51
2019-02-21,31.6,38.4,45.1,0.03,2.24
2019-02-22,28.8,37.7,46.6,0.12,5.64
2019-02-23,28.6,37.0,45.5,0.08,3.69
2019-02-24,35.1,40.0,44.9,0.02,1.15
2019-02-25,32.4,36.5,40.6,0.03,0.74
2019-02-26,27.2,31.4,35.5,0.02,1.07
2019-02-27,27.3,33.2,39.2,0.06,2.85
2019-02-28,27.8,32.3,36.7,0.06,1.27
2019-03-01,28.5,34.6,40.8,0.03,1.54
2019-03-02,31.0,41.5,52.0,0.08,6.01
2019-03-03,29.5,39.9,50.2,0.26,5.88
2019-03-04,25.2,35.9,46.6,1.60,6.69
2019-03-05,24.4,34.0,43.6,1.37,5.52
2019-03-06,26.1,33.4,40.7,1.19,4.55
2019-03-07,32.2,34.5,36.8,0.08,2.12
2019-03-08,29.0,37.9,46.8,0.02,3.69
2019-03-09,29.4,36.8,44.1,0.01,2.26
2019-03-10,31.5,38.5,45.5,0.13,3.09
2019-03-11,27.7,39.7,51.8,0.36,7.26
2019-03-12,26.8,43.7,60.5,0.19,11.04
2019-03-13,36.3,43.6,50.9,0.09,5.22
2019-03-14,31.6,42.8,54.0,0.03,7.01
2019-03-15,30.3,43.9,57.4,0.01,9.30
2019-03-16,31.2,45.9,60.7,0.12,10.40
2019-03-17,32.9,46.7,60.6,0.12,9.32
2019-03-18,35.8,51.5,67.3,0.37,13.72
2019-03-19,42.4,58.7,75.0,2.93,23.17
2019-03-20,44.1,59.5,75.0,2.73,20.95
2019-03-21,42.6,56.0,69.4,0.95,16.01
2019-03-22,36.1,46.4,56.7,0.01,4.99
2019-03-23,38.6,46.6,54.6,0.04,2.96
2019-03-24,38.5,47.0,55.5,0.05,4.57
2019-03-25,37.5,49.1,60.8,0.04,10.84
2019-03-26,34.8,43.1,51.4,0.02,3.62
2019-03-27,32.7,46.3,60.0,0.04,10.77
2019-03-28,37.9,47.0,56.1,0.06,5.58
2019-03-29,38.1,49.8,61.4,0.06,9.73
2019-03-30,39.4,51.0,62.6,0.05,10.08
2019-03-31,36.5,50.7,64.9,0.01,11.85
2019-04-01,37.5,52.5,67.4,0.07,12.95
2019-04-02,49.5,53.7,57.8,0.14,1.82
2019-04-03,51.8,56.3,60.7,0.18,3.67
2019-04-04,47.2,53.2,59.2,0.47,6.72
2019-04-05,46.8,53.0,59.2,0.13,4.01
2019-04-06,43.1,49.5,55.9,0.20,5.24
2019-04-07,45.4,50.0,54.6,0.08,2.09
2019-04-08,47.9,51.5,55.1,0.05,1.96
2019-04-09,46.7,52.2,57.7,0.10,2.65
2019-04-10,45.4,50.8,56.2,0.89,7.11
2019-04-11,46.4,50.1,53.8,0.55,3.66
2019-04-12,47.1,50.0,52.8,0.26,3.03
2019-04-13,41.5,51.1,60.8,0.21,8.08
2019-04-14,40.5,46.0,51.5,0.28,2.83
2019-04-15,36.4,45.1,53.9,0.07,6.22
2019-04-16,35.8,42.6,49.3,0.11,2.90
2019-04-17,44.5,53.1,61.8,0.19,8.04
2019-04-18,46.1,56.4,66.6,0.16,10.46
2019-04-19,45.3,61.3,77.3,0.17,17.40
2019-04-20,47.8,57.1,66.3,0.20,7.20
2019-04-21,46.1,53.7,61.4,0.51,6.96
2019-04-22,40.2,51.4,62.5,0.10,9.31
2019-04-23,39.8,53.8,67.8,0.14,11.98
2019-04-24,46.5,56.4,66.3,1.08,7.58
2019-04-25,43.7,54.4,65.0,1.77,12.29
2019-04-26,42.7,57.0,71.3,0.84,15.83
2019-04-27,40.9,54.4,68.0,0.57,16.10
2019-04-28,34.5,47.2,60.0,0.52,11.21
2019-04-29,35.1,50.0,64.9,0.63,14.90
2019-04-30,45.2,55.8,66.4,4.34,16.91
2019-05-01,35.1,51.9,68.7,0.63,19.27
2019-05-02,33.8,51.1,68.4,0.31,17.70
2019-05-03,35.2,49.3,63.5,0.20,11.93
2019-05-04,38.8,54.3,69.8,0.35,15.24
2019-05-05,41.7,57.1,72.5,0.18,15.52
2019-05-06,43.3,59.6,76.0,0.30,19.43
2019-05-07,42.6,61.6,80.5,0.35,23.94
2019-05-08,42.8,59.6,76.5,0.28,19.51
2019-05-09,42.2,58.9,75.6,0.25,17.51
2019-05-10,47.4,65.8,84.3,1.45,31.74
2019-05-11,44.8,64.5,84.3,0.98,31.71
2019-05-12,43.8,62.4,81.1,0.38,23.52
2019-05-13,42.8,58.4,74.0,0.23,16.68
2019-05-14,45.5,56.8,68.1,0.83,12.05
2019-05-15,48.0,54.4,60.8,0.32,4.93
2019-05-16,49.4,55.0,60.6,0.46,3.51
2019-05-17,49.5,55.6,61.8,0.39,6.54
2019-05-18,49.0,55.5,62.0,0.15,9.68
2019-05-19,46.9,57.8,68.7,0.12,10.56
2019-05-20,46.9,55.1,63.4,0.20,9.94
2019-05-21,48.8,57.7,66.7,0.42,13.19
2019-05-22,47.5,56.6,65.7,0.12,9.89
2019-05-23,48.5,59.0,69.5,0.23,10.03
2019-05-24,48.6,61.5,74.3,0.33,12.02
2019-05-25,48.2,56.0,63.8,0.61,8.65
2019-05-26,46.1,52.1,58.1,0.32,5.01
2019-05-27,48.5,59.6,70.7,0.57,9.42
2019-05-28,52.2,59.0,65.8,0.85,6.26
2019-05-29,46.3,57.0,67.7,0.23,9.00
2019-05-30,45.5,60.8,76.2,0.23,16.41
2019-05-31,47.2,62.5,77.7,0.29,16.56
2019-06-01,49.0,64.8,80.7,0.26,18.38
2019-06-02,48.6,64.9,81.2,0.34,21.75
2019-06-03,45.6,63.1,80.6,0.39,19.40
2019-06-04,45.0,59.8,74.5,0.58,18.82
2019-06-05,45.1,61.9,78.7,0.74,24.26
2019-06-06,48.5,59.5,70.4,1.64,13.27
2019-06-07,46.7,55.0,63.3,0.68,11.23
2019-06-08,44.2,54.0,63.8,0.47,10.97
2019-06-09,44.9,56.6,68.2,0.69,13.43
2019-06-10,47.1,64.2,81.3,1.11,27.49
2019-06-11,52.6,69.3,86.1,2.84,29.70
2019-06-12,58.0,75.6,93.3,1.37,36.62
2019-06-13,57.7,77.1,96.6,0.84,44.37
2019-06-14,49.7,67.8,85.9,0.85,25.73
2019-06-15,47.7,62.2,76.8,0.62,18.74
2019-06-16,50.6,64.9,79.2,0.94,19.80
2019-06-17,51.0,66.7,82.4,0.71,24.48
2019-06-18,51.9,67.3,82.7,0.79,22.71
2019-06-19,45.0,61.0,77.1,0.72,17.98
2019-06-20,44.6,58.4,72.1,0.65,15.99
2019-06-21,48.0,58.0,68.1,1.18,13.55
2019-06-22,46.3,59.0,71.8,0.51,15.35
2019-06-23,46.9,61.1,75.2,0.48,16.91
2019-06-24,48.3,60.6,72.8,0.96,15.30
2019-06-25,48.2,61.4,74.6,1.55,19.06
2019-06-26,49.8,61.6,73.3,1.34,16.00
2019-06-27,49.5,61.6,73.6,0.67,16.93
2019-06-28,47.6,55.7,63.8,0.17,6.62
2019-06-29,46.9,60.4,73.9,0.18,16.90
2019-06-30,46.9,63.1,79.3,0.32,21.54
2019-07-01,48.9,65.4,81.9,0.37,24.35
2019-07-02,53.0,62.0,71.1,0.56,10.26
2019-07-03,55.0,61.8,68.7,1.32,10.51
2019-07-04,51.1,63.4,75.8,0.68,16.94
2019-07-05,49.6,66.5,83.5,0.41,24.28
2019-07-06,50.9,63.7,76.5,0.41,16.56
2019-07-07,51.7,60.5,69.2,0.79,11.31
2019-07-08,50.7,64.2,77.8,0.56,19.31
2019-07-09,49.8,65.3,80.8,0.34,22.57
2019-07-10,57.0,64.1,71.3,0.30,11.13
2019-07-11,58.9,66.5,74.2,0.44,9.33
2019-07-12,56.0,69.1,82.2,0.49,22.58
2019-07-13,57.1,70.2,83.2,0.90,22.13
2019-07-14,55.5,69.0,82.4,0.88,22.51
2019-07-15,53.9,69.8,85.7,0.61,28.32
2019-07-16,58.6,67.4,76.1,0.87,11.73
2019-07-17,55.0,67.7,80.3,0.62,19.08
2019-07-18,56.3,66.9,77.5,1.17,15.02
2019-07-19,51.8,64.4,76.9,1.74,20.75
2019-07-20,50.0,63.0,76.0,1.35,20.18
2019-07-21,50.9,68.0,85.1,0.95,30.86
2019-07-22,51.8,69.1,86.4,0.66,26.90
2019-07-23,51.5,68.3,85.0,0.72,27.54
2019-07-24,49.5,63.8,78.0,0.53,17.21
2019-07-25,48.6,65.0,81.3,0.37,25.46
2019-07-26,52.7,71.6,90.5,1.10,39.03
2019-07-27,53.7,71.5,89.3,0.85,33.09
2019-07-28,54.7,67.9,81.0,0.88,21.72
2019-07-29,51.5,68.3,85.1,0.56,29.99
2019-07-30,51.0,66.8,82.5,0.41,22.90
2019-07-31,51.4,65.1,78.8,0.85,20.58
2019-08-01,50.3,67.7,85.2,0.56,26.34
2019-08-02,51.7,70.2,88.7,0.52,31.03
2019-08-03,58.2,69.9,81.6,0.88,17.23
2019-08-04,58.2,73.4,88.6,1.10,32.86
2019-08-05,55.9,73.6,91.2,1.28,34.19
2019-08-06,55.2,71.9,88.6,1.00,27.65
2019-08-07,55.4,69.5,83.6,0.71,20.67
2019-08-08,57.7,66.0,74.3,1.46,11.22
2019-08-09,59.7,65.5,71.2,0.81,9.62
2019-08-10,54.3,65.3,76.3,0.52,15.13
2019-08-11,53.5,63.1,72.7,0.61,11.52
2019-08-12,50.5,64.1,77.6,0.47,19.33
2019-08-13,49.7,67.1,84.4,0.38,28.24
2019-08-14,52.8,71.2,89.7,0.90,33.13
2019-08-15,53.9,71.3,88.7,0.75,30.69
2019-08-16,53.2,68.6,84.1,0.51,26.18
2019-08-17,52.4,65.9,79.4,0.76,20.81
2019-08-18,53.5,65.6,77.7,1.14,18.06
2019-08-19,52.2,67.1,82.1,0.71,23.91
2019-08-20,51.5,66.7,81.9,0.53,22.25
2019-08-21,50.3,66.8,83.4,0.40,22.27
2019-08-22,54.2,61.9,69.6,0.61,7.41
2019-08-23,51.3,63.5,75.7,0.80,18.05
2019-08-24,49.8,67.3,84.8,0.43,27.38
2019-08-25,50.3,66.9,83.5,0.74,25.75
2019-08-26,52.1,66.2,80.4,0.99,23.62
2019-08-27,52.0,69.0,86.0,2.03,30.69
2019-08-28,52.9,75.6,98.3,2.16,52.42
2019-08-29,54.4,75.0,95.6,1.71,44.04
2019-08-30,61.5,73.3,85.1,1.74,23.55
2019-08-31,52.4,66.2,80.0,0.83,18.88
2019-09-01,52.0,68.4,84.8,0.66,24.29
2019-09-02,52.6,67.6,82.7,0.66,23.07
2019-09-03,52.2,67.7,83.1,0.46,24.62
2019-09-04,52.4,67.2,82.0,0.46,20.34
2019-09-05,56.4,69.0,81.5,1.51,22.42
2019-09-06,58.2,74.7,91.1,1.53,32.96
2019-09-07,58.2,69.8,81.4,1.35,18.73
2019-09-08,58.6,63.6,68.5,0.99,7.73
2019-09-09,57.5,63.8,70.1,0.31,9.19
2019-09-10,56.0,61.3,66.6,0.27,5.12
2019-09-11,52.9,61.7,70.4,0.08,9.21
2019-09-12,51.3,62.9,74.6,0.08,15.47
2019-09-13,50.0,65.6,81.3,0.03,20.61
2019-09-14,53.7,65.2,76.7,0.19,16.11
2019-09-15,52.6,64.9,77.1,0.11,16.16
2019-09-16,54.2,57.5,60.7,0.25,3.24
2019-09-17,53.7,60.5,67.3,0.29,9.62
2019-09-18,55.3,59.4,63.4,0.45,4.66
2019-09-19,49.6,57.4,65.3,0.03,5.94
2019-09-20,50.1,60.1,70.0,0.03,11.15
2019-09-21,52.1,61.5,70.8,0.10,10.46
2019-09-22,52.3,62.1,71.8,0.10,10.98
2019-09-23,52.3,58.5,64.8,0.07,3.06
2019-09-24,51.6,60.1,68.6,0.13,11.73
2019-09-25,54.5,64.8,75.1,0.87,12.60
2019-09-26,49.2,60.4,71.6,0.39,14.19
2019-09-27,46.8,59.2,71.7,0.19,9.60
2019-09-28,44.9,55.5,66.0,0.15,11.07
2019-09-29,39.2,49.1,58.9,0.05,7.21
2019-09-30,40.2,49.0,57.8,0.12,7.43
2019-10-01,36.2,47.8,59.4,0.38,9.13
2019-10-02,34.6,48.3,62.0,0.21,11.35
2019-10-03,35.4,47.0,58.7,0.20,6.66
2019-10-04,41.1,50.3,59.4,0.07,5.60
2019-10-05,40.6,51.6,62.7,0.01,7.22
2019-10-06,40.2,52.5,64.7,0.02,9.78
2019-10-07,39.8,53.8,67.7,0.03,10.90
2019-10-08,40.9,56.2,71.6,0.05,11.91
2019-10-09,34.6,47.2,59.8,0.09,7.59
2019-10-10,32.3,44.3,56.3,0.05,8.76
2019-10-11,34.3,48.2,62.1,0.97,13.16
2019-10-12,32.2,48.7,65.3,0.25,14.28
2019-10-13,34.6,47.1,59.7,0.14,8.64
2019-10-14,38.7,51.4,64.0,0.04,9.35
2019-10-15,36.6,50.1,63.7,0.03,9.93
2019-10-16,38.1,50.7,63.2,0.05,8.94
2019-10-17,44.2,50.9,57.5,0.09,2.87
2019-10-18,43.5,51.2,58.9,0.08,4.38
2019-10-19,43.9,51.3,58.7,0.09,4.68
2019-10-20,43.8,51.3,58.9,0.16,6.22
2019-10-21,46.4,51.7,57.0,0.22,2.52
2019-10-22,49.9,56.0,62.2,0.19,5.51
2019-10-23,44.2,55.9,67.7,0.15,9.01
2019-10-24,38.9,49.0,59.2,0.07,5.66
2019-10-25,38.6,52.4,66.2,0.02,11.38
2019-10-26,37.0,52.1,67.3,0.07,7.72
2019-10-27,35.8,46.3,56.8,0.14,7.54
2019-10-28,30.7,44.1,57.5,0.48,10.20
2019-10-29,28.7,42.4,56.0,0.19,9.21
2019-10-30,30.4,40.0,49.7,2.70,9.90
2019-10-31,24.5,39.0,53.4,0.50,10.49
2019-11-01,24.3,39.3,54.3,0.26,9.45
2019-11-02,28.6,44.2,59.8,0.28,12.29
2019-11-03,30.4,45.8,61.2,0.28,12.03
2019-11-04,31.2,46.7,62.1,0.02,9.26
2019-11-05,32.0,45.6,59.3,0.01,6.58
2019-11-06,35.6,42.2,48.7,0.05,1.27
2019-11-07,37.3,43.2,49.2,0.05,1.82
2019-11-08,32.8,45.0,57.3,0.04,6.39
2019-11-09,31.7,46.3,61.0,0.03,7.15
2019-11-10,39.6,46.5,53.5,0.05,3.16
2019-11-11,45.5,50.7,55.8,0.14,1.94
2019-11-12,37.4,49.7,61.9,0.05,8.73
2019-11-13,39.2,46.9,54.6,0.01,2.47
2019-11-14,44.4,48.3,52.2,0.12,1.51
2019-11-15,42.9,47.8,52.7,0.11,2.36
2019-11-16,43.0,50.8,58.6,0.05,2.67
2019-11-17,43.1,49.2,55.2,0.03,2.65
2019-11-18,43.8,52.1,60.4,0.05,4.45
2019-11-19,48.2,52.9,57.5,0.08,2.49
2019-11-20,43.5,49.2,54.8,0.32,4.37
2019-11-21,35.4,45.0,54.7,0.49,6.12
2019-11-22,28.2,41.5,54.8,0.08,7.51
2019-11-23,27.1,39.4,51.7,0.02,5.31
2019-11-24,29.2,38.1,46.9,0.03,2.26
2019-11-25,36.4,44.1,51.8,0.04,2.54
2019-11-26,36.4,42.6,48.8,0.07,3.27
2019-11-27,36.2,39.4,42.6,0.16,2.02
2019-11-28,33.1,38.5,44.0,1.39,4.39
2019-11-29,27.5,36.2,45.0,0.97,5.08
2019-11-30,21.1,32.1,43.1,0.13,5.26
2019-12-01,21.2,29.8,38.3,0.14,2.80
2019-12-02,29.3,35.8,42.3,0.01,1.58
2019-12-03,28.5,37.2,46.0,0.02,2.82
2019-12-04,29.0,36.4,43.8,0.04,1.23
2019-12-05,32.7,37.3,42.0,0.00,0.42
2019-12-06,33.5,42.0,50.5,0.00,2.53
2019-12-07,34.6,40.4,46.1,0.04,1.66
2019-12-08,41.2,44.8,48.4,0.00,0.40
2019-12-09,42.0,46.6,51.3,0.02,0.85
2019-12-10,40.4,43.9,47.4,0.05,1.47
2019-12-11,39.9,42.1,44.3,0.11,0.65
2019-12-12,41.6,45.4,49.2,0.00,0.90
2019-12-13,39.9,47.2,54.5,0.00,3.63
2019-12-14,36.7,43.3,49.9,0.05,1.69
2019-12-15,34.4,39.9,45.3,0.04,1.51
2019-12-16,33.6,39.3,45.1,0.05,1.71
2019-12-17,29.8,39.9,49.9,0.01,4.93
2019-12-18,29.3,35.0,40.6,0.00,0.84
2019-12-19,28.8,37.7,46.7,0.03,1.79
2019-12-20,44.5,50.1,55.7,0.10,2.92
2019-12-21,48.1,52.8,57.5,0.10,4.91
2019-12-22,41.3,45.4,49.6,0.00,1.03
2019-12-23,40.6,42.9,45.2,0.01,0.94
2019-12-24,34.5,41.0,47.4,0.05,2.53
2019-12-25,35.0,38.6,42.2,0.02,1.23
2019-12-26,30.3,38.5,46.6,0.03,2.11
2019-12-27,28.5,35.0,41.5,0.05,1.91
2019-12-28,35.7,40.2,44.6,0.02,1.13
2019-12-29,36.0,40.0,44.0,0.02,1.03
2019-12-30,38.3,42.0,45.6,0.03,0.84
2019-12-31,37.5,42.1,46.8,0.10,2.90
2020-01-01,39.6,46.0,52.3,0.13,3.60
2020-01-02,42.4,48.4,54.4,0.23,3.73
2020-01-03,40.8,46.0,51.2,0.19,3.45
2020-01-04,37.9,47.6,57.2,0.28,8.61
2020-01-05,37.0,43.2,49.3,0.13,3.28
2020-01-06,41.3,44.9,48.6,0.33,3.22
2020-01-07,43.4,46.5,49.5,0.53,2.23
2020-01-08,42.6,47.8,52.9,0.27,4.08
2020-01-09,34.7,40.2,45.7,0.07,1.88
2020-01-10,34.9,39.0,43.1,0.13,1.64
2020-01-11,40.1,43.9,47.7,0.36,3.06
2020-01-12,40.1,43.0,45.9,0.23,2.79
2020-01-13,36.4,41.6,46.9,0.29,2.59
2020-01-14,33.4,36.4,39.4,0.13,0.78
2020-01-15,28.7,34.4,40.2,0.08,2.88
2020-01-16,29.7,38.6,47.5,0.14,4.70
2020-01-17,30.6,37.3,44.1,0.02,2.25
2020-01-18,33.4,38.4,43.5,0.07,1.74
2020-01-19,40.9,45.2,49.5,0.05,1.80
2020-01-20,42.3,47.5,52.7,0.01,1.52
2020-01-21,41.1,44.2,47.3,0.05,1.27
2020-01-22,41.8,45.5,49.1,0.38,2.56
2020-01-23,43.5,48.0,52.5,0.31,2.30
2020-01-24,48.2,52.0,55.7,0.19,3.29
2020-01-25,45.7,50.4,55.1,0.14,3.57
2020-01-26,46.3,51.3,56.2,0.15,4.31
2020-01-27,41.9,48.1,54.3,0.19,4.93
2020-01-28,40.8,46.3,51.9,0.06,2.16
2020-01-29,44.6,47.7,50.9,0.23,1.93
2020-01-30,44.6,46.5,48.5,0.13,1.80
2020-01-31,43.5,49.1,54.8,0.13,2.61
2020-02-01,50.9,56.4,62.0,1.13,5.40
2020-02-02,33.7,43.7,53.7,0.09,3.01
2020-02-03,30.2,38.4,46.6,0.07,4.43
2020-02-04,27.0,36.4,45.8,0.03,4.66
2020-02-05,28.1,35.4,42.7,0.08,2.90
2020-02-06,40.6,46.0,51.4,0.27,1.66
2020-02-07,46.8,51.8,56.8,0.47,4.23
2020-02-08,42.4,48.0,53.6,0.38,4.08
2020-02-09,31.0,39.5,48.0,0.08,3.86
2020-02-10,30.0,38.2,46.5,0.00,3.06
2020-02-11,29.3,38.2,47.1,0.00,3.13
2020-02-12,31.4,40.1,48.8,0.01,2.62
2020-02-13,31.5,40.2,48.9,0.02,2.89
2020-02-14,34.3,39.4,44.5,0.03,1.23
2020-02-15,35.4,42.3,49.3,0.06,3.78
2020-02-16,40.5,43.4,46.3,0.02,0.82
2020-02-17,34.0,42.8,51.6,0.01,5.87
2020-02-18,30.1,40.1,50.1,0.02,5.95
2020-02-19,29.3,39.5,49.6,0.09,5.39
2020-02-20,31.9,44.3,56.7,1.33,9.64
2020-02-21,28.7,42.0,55.4,0.14,8.71
2020-02-22,27.9,42.8,57.7,0.06,8.21
2020-02-23,29.0,42.7,56.4,0.05,8.39
2020-02-24,35.1,42.7,50.4,0.18,5.20
2020-02-25,29.9,40.8,51.6,0.04,6.47
2020-02-26,29.6,43.0,56.5,0.04,8.10
2020-02-27,33.3,45.3,57.3,0.06,6.33
2020-02-28,32.1,46.0,59.9,0.03,8.79
2020-02-29,32.8,43.7,54.7,0.06,5.29
2020-03-01,29.2,38.4,47.6,0.00,3.22
2020-03-02,32.2,40.5,48.9,0.02,5.06
2020-03-03,37.7,44.2,50.7,0.32,4.08
2020-03-04,42.9,51.7,60.5,0.17,7.54
2020-03-05,33.8,45.2,56.5,0.11,7.90
2020-03-06,32.9,47.3,61.8,0.06,10.57
2020-03-07,38.1,43.8,49.5,0.09,2.44
2020-03-08,31.0,39.0,47.1,0.02,2.90
2020-03-09,29.5,39.4,49.2,0.00,3.73
2020-03-10,29.1,42.0,54.9,0.02,6.81
2020-03-11,27.9,45.0,62.1,0.04,11.51
2020-03-12,31.9,44.5,57.0,0.15,7.97
2020-03-13,31.4,42.9,54.3,0.29,7.59
2020-03-14,31.8,36.8,41.9,0.10,1.56
2020-03-15,32.4,39.9,47.3,0.06,3.38
2020-03-16,31.8,41.7,51.6,0.69,7.20
2020-03-17,31.5,45.1,58.8,0.77,10.49
2020-03-18,30.8,45.9,61.0,0.20,11.04
2020-03-19,32.0,44.9,57.9,0.04,9.07
2020-03-20,30.2,46.9,63.5,0.00,11.65
2020-03-21,32.1,48.0,63.9,0.00,10.53
2020-03-22,32.3,46.6,60.9,0.00,9.20
2020-03-23,32.0,48.1,64.1,0.06,11.59
2020-03-24,39.6,45.7,51.9,0.27,5.25
2020-03-25,34.1,41.7,49.2,0.02,3.46
2020-03-26,30.4,40.7,51.1,0.00,5.62
2020-03-27,29.4,40.4,51.4,0.00,5.29
2020-03-28,40.5,45.7,50.9,0.03,2.84
2020-03-29,45.5,49.4,53.2,0.14,2.71
2020-03-30,45.5,51.6,57.7,0.07,5.61
2020-03-31,40.6,45.0,49.3,0.04,3.00
2020-04-01,36.8,43.9,51.1,0.15,5.64
2020-04-02,36.9,42.5,48.1,0.08,2.91
2020-04-03,29.8,40.2,50.6,0.02,4.79
2020-04-04,30.5,40.9,51.3,0.02,5.49
2020-04-05,35.8,41.1,46.4,0.05,2.02
2020-04-06,42.2,52.4,62.5,0.15,9.10
2020-04-07,36.5,48.4,60.2,0.00,6.83
2020-04-08,35.5,48.3,61.1,0.06,9.91
2020-04-09,37.4,52.9,68.4,0.23,12.86
2020-04-10,39.8,57.7,75.6,0.35,21.09
2020-04-11,37.9,54.3,70.7,0.05,13.49
2020-04-12,37.1,50.0,62.8,0.09,10.20
2020-04-13,34.3,49.5,64.7,0.27,15.15
2020-04-14,34.3,49.8,65.3,0.81,16.27
2020-04-15,33.2,51.1,69.1,0.22,16.96
2020-04-16,41.1,51.3,61.6,0.26,7.69
2020-04-17,40.2,55.4,70.6,1.42,19.67
2020-04-18,38.6,56.6,74.6,1.14,23.78
2020-04-19,43.4,48.8,54.2,0.17,3.35
2020-04-20,36.4,49.5,62.7,0.00,8.89
2020-04-21,36.9,53.5,70.1,0.08,14.01
2020-04-22,44.4,52.1,59.9,0.35,6.56
2020-04-23,47.9,54.1,60.3,0.12,3.06
2020-04-24,48.4,56.4,64.5,0.20,10.20
2020-04-25,49.5,56.8,64.0,0.05,5.07
2020-04-26,36.5,51.0,65.5,0.01,9.99
2020-04-27,37.2,52.8,68.4,0.07,15.55
2020-04-28,49.0,57.7,66.4,0.15,7.77
2020-04-29,48.8,60.7,72.5,0.10,12.96
2020-04-30,48.6,58.6,68.6,0.07,10.93
2020-05-01,37.4,50.7,64.0,0.10,11.61
2020-05-02,36.8,48.6,60.3,0.00,6.49
2020-05-03,40.4,49.7,59.0,0.00,5.47
2020-05-04,39.3,49.7,60.1,0.15,8.44
2020-05-05,37.4,53.1,68.8,0.13,14.51
2020-05-06,45.1,58.2,71.4,0.12,12.48
2020-05-07,43.2,53.2,63.2,0.52,10.81
2020-05-08,43.1,57.9,72.7,1.40,17.53
2020-05-09,49.8,66.1,82.4,4.78,26.42
2020-05-10,49.2,66.3,83.4,0.79,25.01
2020-05-11,49.5,65.7,81.9,0.31,21.29
2020-05-12,49.1,57.5,65.8,0.36,11.44
2020-05-13,48.6,54.8,61.0,0.37,5.87
2020-05-14,48.7,54.4,60.1,0.37,6.16
2020-05-15,48.1,53.3,58.6,0.25,4.52
2020-05-16,47.6,58.2,68.8,0.40,14.53
2020-05-17,49.9,58.0,66.0,0.14,8.03
2020-05-18,49.7,58.5,67.4,0.18,10.98
2020-05-19,46.8,53.4,60.1,0.16,5.01
2020-05-20,48.9,55.0,61.1,0.57,5.21
2020-05-21,48.6,53.5,58.4,0.53,5.35
2020-05-22,42.5,51.1,59.6,0.27,7.40
2020-05-23,38.6,49.8,61.1,0.08,8.67
2020-05-24,39.3,51.6,64.0,0.11,9.96
2020-05-25,44.8,59.2,73.6,0.26,15.80
2020-05-26,49.0,59.3,69.5,0.16,8.76
2020-05-27,49.3,61.7,74.1,0.16,12.12
2020-05-28,48.4,64.6,80.8,0.37,23.02
2020-05-29,51.1,69.1,87.1,0.66,29.97
2020-05-30,51.7,66.3,80.9,0.56,20.27
2020-05-31,50.1,54.4,58.7,0.19,3.98
2020-06-01,43.2,54.0,64.9,0.25,10.69
2020-06-02,42.7,56.7,70.6,0.32,14.59
2020-06-03,44.9,61.0,77.2,0.51,22.14
2020-06-04,46.4,60.4,74.4,0.62,16.34
2020-06-05,49.2,60.8,72.4,0.99,15.59
2020-06-06,49.5,59.4,69.2,1.29,12.84
2020-06-07,45.0,52.9,60.8,0.26,7.57
2020-06-08,46.1,54.1,62.1,0.60,8.19
2020-06-09,48.0,55.9,63.8,0.27,9.76
2020-06-10,52.5,58.7,64.9,0.28,5.01
2020-06-11,55.5,66.3,77.2,0.07,16.24
2020-06-12,54.5,64.2,73.8,0.59,14.15
2020-06-13,50.0,54.8,59.7,0.48,4.57
2020-06-14,48.9,54.9,60.9,0.25,4.99
2020-06-15,48.5,58.3,68.1,0.12,11.88
2020-06-16,51.9,57.4,62.9,0.60,7.22
2020-06-17,46.6,54.8,63.1,0.08,6.20
2020-06-18,47.0,59.2,71.4,0.15,13.15
2020-06-19,49.5,64.5,79.5,0.22,18.98
2020-06-20,52.0,67.9,83.8,0.46,24.77
2020-06-21,56.2,63.5,70.9,0.49,7.97
2020-06-22,52.5,63.7,74.9,0.58,14.45
2020-06-23,52.7,68.6,84.6,0.65,25.26
2020-06-24,57.1,73.9,90.7,0.85,30.72
2020-06-25,53.4,65.8,78.2,0.42,14.13
2020-06-26,54.1,68.2,82.4,0.38,19.51
2020-06-27,55.8,71.9,88.0,0.64,32.49
2020-06-28,54.5,64.1,73.7,1.57,14.31
2020-06-29,49.7,59.4,69.1,0.76,12.14
2020-06-30,50.8,62.6,74.3,0.86,14.08
2020-07-01,54.4,62.0,69.6,1.43,12.14
2020-07-02,49.7,59.1,68.4,0.55,10.74
2020-07-03,46.4,59.8,73.2,0.08,14.93
2020-07-04,49.0,61.5,74.1,0.09,15.66
2020-07-05,52.5,63.1,73.8,1.50,15.88
2020-07-06,51.2,63.0,74.8,0.83,15.63
2020-07-07,52.8,60.0,67.3,1.14,9.65
2020-07-08,53.9,62.4,70.8,0.88,10.77
2020-07-09,50.5,63.3,76.1,0.32,17.67
2020-07-10,51.2,64.2,77.1,0.48,16.96
2020-07-11,51.0,65.8,80.6,0.52,20.62
2020-07-12,49.7,63.2,76.8,0.38,16.12
2020-07-13,51.6,64.9,78.3,1.09,17.43
2020-07-14,50.2,65.5,80.8,0.93,25.71
2020-07-15,51.6,68.5,85.3,0.96,31.71
2020-07-16,54.9,72.1,89.3,1.40,31.70
2020-07-17,55.5,71.5,87.5,0.70,27.09
2020-07-18,51.3,64.8,78.3,0.78,17.86
2020-07-19,52.6,68.8,84.9,1.40,26.47
2020-07-20,55.2,73.0,90.9,0.75,33.04
2020-07-21,55.5,74.0,92.5,0.40,36.28
2020-07-22,55.6,72.8,90.0,0.36,31.57
2020-07-23,52.8,68.4,84.0,0.41,24.17
2020-07-24,50.6,64.8,78.9,0.46,19.59
2020-07-25,50.3,61.8,73.3,0.84,15.03
2020-07-26,50.4,65.4,80.5,1.32,22.62
2020-07-27,55.3,76.3,97.3,2.04,47.53
2020-07-28,57.8,76.2,94.5,1.54,37.00
2020-07-29,55.8,73.2,90.6,0.81,34.62
2020-07-30,57.0,75.2,93.4,2.14,40.02
2020-07-31,55.6,75.2,94.8,1.22,39.63
2020-08-01,54.9,70.1,85.2,1.15,27.52
2020-08-02,54.0,68.8,83.6,0.73,24.58
2020-08-03,52.7,69.1,85.5,0.38,27.17
2020-08-04,53.3,68.5,83.7,0.34,23.16
2020-08-05,54.3,70.8,87.3,0.32,29.61
2020-08-06,53.4,68.2,83.0,0.50,21.48
2020-08-07,46.8,59.4,72.0,0.28,13.63
2020-08-08,47.3,62.7,78.1,0.41,20.61
2020-08-09,50.1,64.4,78.7,0.51,19.78
2020-08-10,48.4,66.2,84.0,0.90,28.39
2020-08-11,50.2,71.4,92.6,1.38,36.78
2020-08-12,46.1,65.2,84.2,0.77,30.27
2020-08-13,48.6,62.0,75.5,1.04,18.81
2020-08-14,47.6,63.3,79.0,1.30,26.57
2020-08-15,52.5,70.3,88.2,3.30,33.44
2020-08-16,55.6,76.8,98.1,2.85,48.18
2020-08-17,59.5,75.3,91.1,2.49,33.87
2020-08-18,57.4,75.0,92.7,1.51,34.62
2020-08-19,54.3,70.4,86.6,0.67,26.80
2020-08-20,52.3,69.9,87.4,0.27,29.03
2020-08-21,57.7,70.9,84.1,1.02,23.24
2020-08-22,57.0,67.3,77.5,0.92,14.82
2020-08-23,52.1,65.6,79.2,0.44,20.48
2020-08-24,50.7,67.3,83.8,0.56,26.73
2020-08-25,50.7,66.5,82.3,0.82,28.46
2020-08-26,52.0,67.0,82.0,1.00,25.99
2020-08-27,49.8,66.7,83.7,0.76,28.14
2020-08-28,47.1,65.3,83.6,0.56,27.29
2020-08-29,49.9,67.5,85.2,0.52,27.31
2020-08-30,45.4,62.5,79.6,0.49,24.74
2020-08-31,45.4,61.3,77.2,0.98,22.65
2020-09-01,54.1,66.2,78.2,2.08,19.30
2020-09-02,56.0,72.6,89.2,1.98,30.08
2020-09-03,58.1,75.7,93.2,1.70,39.70
2020-09-04,54.6,74.8,95.0,1.61,40.59
2020-09-05,49.9,65.3,80.7,0.73,18.17
2020-09-06,50.4,64.0,77.6,1.01,18.95
2020-09-07,50.7,70.2,89.6,0.66,33.13
2020-09-08,55.4,72.1,88.8,1.58,33.05
2020-09-09,62.8,70.3,77.8,14.51,27.79
2020-09-10,50.6,65.6,80.7,3.79,29.61
2020-09-11,45.7,57.1,68.4,0.23,12.09
2020-09-12,44.4,56.9,69.4,0.23,12.63
2020-09-13,44.5,53.8,63.2,0.12,5.87
2020-09-14,46.1,55.7,65.3,0.07,6.41
2020-09-15,48.7,62.3,75.9,0.18,15.20
2020-09-16,50.2,63.5,76.7,0.30,16.04
2020-09-17,49.6,62.7,75.8,0.17,14.00
2020-09-18,53.7,64.2,74.7,0.15,11.03
2020-09-19,55.7,61.2,66.8,0.28,3.32
2020-09-20,49.5,60.5,71.6,0.07,10.33
2020-09-21,49.3,62.1,75.0,0.15,15.00
2020-09-22,49.7,62.0,74.3,0.22,13.54
2020-09-23,55.9,63.9,71.8,0.57,11.29
2020-09-24,56.0,65.4,74.8,0.47,14.55
2020-09-25,54.3,61.7,69.1,0.36,8.90
2020-09-26,54.0,57.8,61.6,0.23,2.97
2020-09-27,47.9,58.8,69.6,0.10,9.83
2020-09-28,46.7,60.0,73.2,0.12,15.72
2020-09-29,48.9,66.3,83.6,1.01,26.38
2020-09-30,47.7,66.1,84.5,0.27,26.47
2020-10-01,48.6,63.2,77.7,0.10,15.61
2020-10-02,50.1,63.0,75.9,0.05,11.79
2020-10-03,48.7,64.1,79.4,0.10,16.71
2020-10-04,48.1,61.7,75.3,0.07,12.89
2020-10-05,48.7,57.2,65.6,0.06,4.59
2020-10-06,48.8,60.1,71.4,0.21,11.09
2020-10-07,46.2,61.9,77.5,0.09,16.45
2020-10-08,47.7,60.5,73.4,0.09,11.49
2020-10-09,48.4,59.2,70.0,0.11,8.85
2020-10-10,51.2,61.3,71.3,0.19,10.38
2020-10-11,50.8,56.5,62.2,0.31,6.86
2020-10-12,51.9,56.1,60.4,0.23,2.89
2020-10-13,53.2,59.7,66.3,0.27,8.81
2020-10-14,46.2,55.6,65.0,0.06,6.58
2020-10-15,42.7,52.5,62.2,0.12,5.80
2020-10-16,40.5,51.7,62.8,0.18,8.31
2020-10-17,40.4,55.4,70.3,0.17,12.32
2020-10-18,50.3,59.3,68.3,0.17,9.15
2020-10-19,50.9,59.1,67.4,0.40,6.83
2020-10-20,45.4,55.4,65.4,0.17,8.03
2020-10-21,44.7,54.7,64.6,0.11,8.96
2020-10-22,32.2,46.0,59.8,0.08,8.98
2020-10-23,31.9,44.0,56.2,0.12,7.51
2020-10-24,32.3,45.5,58.6,0.11,7.19
2020-10-25,35.2,47.1,59.1,0.77,7.50
2020-10-26,27.3,38.7,50.2,1.25,9.15
2020-10-27,26.2,40.5,54.7,0.40,10.26
2020-10-28,27.2,43.2,59.2,0.09,7.43
2020-10-29,32.9,49.0,65.0,0.08,9.51
2020-10-30,38.8,46.4,54.0,0.02,1.42
2020-10-31,37.6,48.8,60.0,0.08,4.52
2020-11-01,32.3,45.0,57.7,0.01,7.12
2020-11-02,32.1,47.3,62.4,0.07,9.46
2020-11-03,33.3,49.0,64.8,0.07,9.58
2020-11-04,37.5,50.9,64.4,0.08,5.66
2020-11-05,55.6,62.1,68.6,0.48,7.24
2020-11-06,46.0,52.9,59.7,0.15,1.90
2020-11-07,33.0,43.3,53.6,0.09,3.92
2020-11-08,32.4,41.6,50.7,0.08,3.71
2020-11-09,25.7,36.8,47.8,0.10,5.92
2020-11-10,25.5,35.2,45.0,0.05,3.52
2020-11-11,34.6,42.0,49.4,0.02,1.80
2020-11-12,29.3,41.2,53.0,0.06,5.64
2020-11-13,30.6,39.8,48.9,0.02,3.42
2020-11-14,38.8,46.4,54.0,0.05,3.39
2020-11-15,40.4,45.4,50.5,0.09,1.35
2020-11-16,45.4,50.3,55.2,0.07,2.62
2020-11-17,44.6,51.6,58.5,0.13,2.27
2020-11-18,43.6,49.9,56.2,0.08,2.62
2020-11-19,41.9,46.8,51.6,0.10,2.73
2020-11-20,31.8,42.0,52.2,0.03,3.62
2020-11-21,30.9,36.9,42.9,0.10,0.85
2020-11-22,33.7,36.5,39.2,0.00,0.27
2020-11-23,33.6,39.1,44.5,0.11,1.47
2020-11-24,35.4,42.9,50.3,0.04,2.45
2020-11-25,37.6,44.7,51.7,0.15,2.96
2020-11-26,39.7,44.4,49.1,0.10,2.05
2020-11-27,32.9,42.0,51.1,0.10,2.96
2020-11-28,33.6,36.6,39.6,0.00,0.30
2020-11-29,34.8,40.3,45.8,0.17,1.30
2020-11-30,35.2,39.6,43.9,0.06,0.85
2020-12-01,32.3,42.3,52.3,0.08,3.64
2020-12-02,28.9,36.9,44.9,0.04,2.41
2020-12-03,28.9,39.1,49.4,0.06,3.92
2020-12-04,29.4,39.1,48.7,0.03,4.44
2020-12-05,28.0,38.5,49.1,0.02,4.00
2020-12-06,27.8,36.9,45.9,0.10,2.34
2020-12-07,38.0,46.4,54.9,0.09,3.99
2020-12-08,35.3,42.0,48.7,0.05,1.97
2020-12-09,35.0,44.2,53.4,0.12,3.18
2020-12-10,34.7,44.3,54.0,0.12,4.55
2020-12-11,36.2,40.0,43.8,0.29,1.06
2020-12-12,37.0,40.7,44.4,0.30,1.01
2020-12-13,35.6,39.4,43.1,0.09,1.38
2020-12-14,38.3,44.4,50.5,0.27,1.33
2020-12-15,38.4,43.9,49.4,0.24,2.18
2020-12-16,41.7,45.8,49.8,0.08,1.59
2020-12-17,40.6,45.4,50.1,0.22,0.98
2020-12-18,37.7,43.6,49.5,0.14,1.89
2020-12-19,38.9,44.6,50.2,0.17,3.03
2020-12-20,47.5,50.6,53.7,0.30,1.86
2020-12-21,47.4,51.2,55.0,0.04,0.79
2020-12-22,38.3,48.6,59.0,0.25,3.19
2020-12-23,31.8,40.0,48.1,0.07,3.32
2020-12-24,29.8,36.0,42.2,0.08,1.72
2020-12-25,29.7,32.5,35.4,0.02,0.35
2020-12-26,31.7,40.2,48.8,0.10,1.17
2020-12-27,38.2,43.8,49.3,0.05,1.68
2020-12-28,31.6,40.8,50.0,0.12,3.39
2020-12-29,26.3,36.2,46.1,0.05,3.68
2020-12-30,26.5,33.8,41.2,0.13,1.33
2020-12-31,39.2,43.3,47.4,0.26,2.87
2021-01-01,44.2,48.0,51.3,0.25,2.33
2021-01-02,45.1,49.4,53.1,0.39,3.82
2021-01-03,45.5,47.9,50.3,0.42,1.18
2021-01-04,41.6,46.9,52.0,0.11,2.79
2021-01-05,40.2,46.4,52.2,0.18,3.34
2021-01-06,39.1,46.3,52.8,0.53,7.12
2021-01-07,42.5,45.4,48.2,0.19,1.09
2021-01-08,38.3,45.1,51.3,0.00,3.05
2021-01-09,33.1,42.9,52.2,0.09,4.39
2021-01-10,34.3,37.8,41.8,0.02,0.38
2021-01-11,38.2,44.7,50.8,0.11,1.69
2021-01-12,40.1,46.6,53.0,0.10,2.62
2021-01-13,46.5,53.1,59.7,0.39,2.43
2021-01-14,38.5,46.9,54.5,0.26,6.18
2021-01-15,36.5,45.0,53.3,0.13,4.55
2021-01-16,44.0,47.8,51.9,0.14,0.85
2021-01-17,43.3,45.6,47.9,0.32,1.28
2021-01-18,35.5,43.8,52.2,0.09,2.16
2021-01-19,32.9,40.1,47.5,0.09,2.21
2021-01-20,29.0,40.2,51.3,0.07,5.35
2021-01-21,28.2,36.9,45.6,0.06,2.74
2021-01-22,37.8,42.5,46.8,0.25,2.01
2021-01-23,29.2,38.9,48.0,0.26,4.37
2021-01-24,27.6,37.3,46.8,0.10,3.91
2021-01-25,32.1,36.2,40.3,0.09,1.02
2021-01-26,30.9,37.2,43.0,0.08,2.13
2021-01-27,31.1,34.6,38.1,0.10,1.49
2021-01-28,31.6,37.4,42.9,0.11,1.19
2021-01-29,37.7,42.6,46.9,0.16,2.37
2021-01-30,38.2,42.6,46.6,0.20,2.74
2021-01-31,41.5,46.2,50.6,0.22,2.82
2021-02-01,45.3,48.6,51.8,0.09,1.88
2021-02-02,43.6,46.3,49.0,0.17,1.42
2021-02-03,36.2,43.0,49.6,0.30,4.57
2021-02-04,33.2,41.0,48.7,0.10,3.83
2021-02-05,34.0,40.9,47.7,0.13,3.28
2021-02-06,35.0,43.2,51.3,0.12,2.35
2021-02-07,34.5,41.9,48.9,0.14,2.87
2021-02-08,34.3,41.8,49.1,0.14,4.39
2021-02-09,32.7,39.2,46.3,0.18,4.15
2021-02-10,27.7,37.2,46.7,0.10,4.69
2021-02-11,28.4,37.2,45.9,0.12,3.97
2021-02-12,29.8,34.8,39.8,0.14,0.96
2021-02-13,29.9,32.8,35.6,0.15,0.54
2021-02-14,33.6,41.1,49.4,0.16,2.76
2021-02-15,37.6,42.9,47.7,0.13,1.62
2021-02-16,40.7,46.4,51.8,0.46,3.00
2021-02-17,35.4,43.1,50.3,0.31,4.18
2021-02-18,33.7,42.0,49.7,0.20,5.64
2021-02-19,38.4,43.5,48.4,0.26,1.94
2021-02-20,39.4,44.6,49.6,0.14,2.84
2021-02-21,38.2,44.6,50.8,0.16,5.35
2021-02-22,42.8,46.7,50.6,0.81,2.49
2021-02-23,36.5,45.0,53.4,0.32,3.15
2021-02-24,32.6,41.3,49.9,0.08,4.57
2021-02-25,31.6,40.5,49.2,0.15,5.47
2021-02-26,36.3,43.2,49.9,0.20,4.01
2021-02-27,39.0,43.6,48.1,0.73,3.73
2021-02-28,38.2,44.0,49.7,0.47,4.93
2021-03-01,34.3,45.8,57.0,0.51,7.47
2021-03-02,34.8,47.6,60.2,0.54,7.90
2021-03-03,33.1,44.7,56.0,0.43,5.60
2021-03-04,32.7,44.2,55.8,0.02,4.77
2021-03-05,34.5,46.2,58.0,0.08,7.25
2021-03-06,38.3,43.5,48.7,0.74,1.75
2021-03-07,38.5,45.6,52.7,0.59,5.38
2021-03-08,34.0,42.5,51.0,0.53,5.28
2021-03-09,33.8,42.3,50.9,0.58,4.64
2021-03-10,34.5,44.2,54.1,0.54,6.84
2021-03-11,32.3,42.7,53.3,0.37,5.52
2021-03-12,30.3,43.5,56.6,0.27,7.24
2021-03-13,30.7,45.1,59.4,0.28,10.09
2021-03-14,29.8,46.6,63.1,0.27,11.58
2021-03-15,32.6,41.8,51.0,0.46,3.49
2021-03-16,28.4,38.0,47.5,0.30,5.07
2021-03-17,27.5,40.0,52.3,0.27,6.66
2021-03-18,30.4,45.6,60.6,0.31,10.37
2021-03-19,40.6,47.5,54.7,0.68,4.55
2021-03-20,40.8,46.2,51.7,0.82,3.98
2021-03-21,37.6,45.0,52.4,0.55,4.05
2021-03-22,38.2,43.8,49.3,0.60,4.45
2021-03-23,31.8,41.6,51.2,0.44,4.63
2021-03-24,32.1,43.5,54.6,0.33,6.72
2021-03-25,40.5,44.5,48.5,0.70,1.97
2021-03-26,31.0,41.6,52.0,0.42,5.05
2021-03-27,30.5,44.1,57.6,0.28,7.51
2021-03-28,34.0,49.3,64.6,0.31,10.92
2021-03-29,34.8,44.3,53.8,0.57,4.59
2021-03-30,29.0,40.4,51.8,0.45,5.98
2021-03-31,28.6,41.6,54.5,0.50,7.19
2021-04-01,32.3,48.8,65.3,0.42,11.74
2021-04-02,35.5,53.2,70.7,0.76,17.82
2021-04-03,34.9,48.2,61.6,0.43,10.52
2021-04-04,37.2,51.4,65.8,0.42,12.44
2021-04-05,29.1,44.0,58.5,0.53,8.81
2021-04-06,29.2,43.9,58.2,0.45,10.19
2021-04-07,32.4,48.1,64.0,0.41,12.37
2021-04-08,36.8,44.6,52.5,0.44,4.89
2021-04-09,32.7,44.8,56.0,0.52,8.51
2021-04-10,31.3,45.4,59.2,0.44,9.82
2021-04-11,31.4,41.7,52.2,0.57,7.03
2021-04-12,31.8,44.6,57.6,1.09,10.66
2021-04-13,38.2,51.3,64.7,2.66,16.14
2021-04-14,40.8,52.8,64.2,4.78,15.99
2021-04-15,36.8,51.6,66.8,1.91,17.08
2021-04-16,35.9,54.1,73.4,1.28,20.44
2021-04-17,39.8,60.1,79.2,1.71,28.64
2021-04-18,38.5,60.5,81.4,1.95,29.33
2021-04-19,39.7,61.3,82.3,1.44,28.92
2021-04-20,38.8,56.4,73.4,0.65,19.67
2021-04-21,42.2,58.0,73.0,0.93,21.76
2021-04-22,38.2,56.8,74.9,0.61,21.85
2021-04-23,35.9,52.0,66.0,0.59,12.59
2021-04-24,42.1,51.8,61.0,0.87,9.01
2021-04-25,43.2,49.0,54.4,0.64,3.16
2021-04-26,44.2,51.4,58.4,0.71,7.22
2021-04-27,37.4,49.6,60.4,0.34,9.66
2021-04-28,36.6,52.1,66.9,0.38,13.26
2021-04-29,38.7,56.6,74.4,0.42,19.30
2021-04-30,43.2,60.3,77.3,0.60,20.16
2021-05-01,46.1,59.1,72.0,0.62,12.14
2021-05-02,48.8,53.5,58.2,0.85,4.91
2021-05-03,41.7,53.2,64.9,0.62,10.45
2021-05-04,42.8,54.8,66.4,0.66,10.38
2021-05-05,45.6,57.2,69.0,0.77,14.16
2021-05-06,43.9,60.1,76.3,1.16,16.35
2021-05-07,43.6,53.4,63.5,0.80,9.28
2021-05-08,34.2,47.5,60.8,0.52,10.38
2021-05-09,35.0,48.0,60.9,0.47,9.19
2021-05-10,41.8,53.4,64.7,0.65,10.01
2021-05-11,42.5,56.0,69.4,0.53,14.87
2021-05-12,43.1,58.6,74.2,0.84,19.30
2021-05-13,44.2,61.2,78.4,0.83,21.55
2021-05-14,46.1,62.5,78.3,0.89,21.25
2021-05-15,43.0,61.0,78.9,0.90,22.43
2021-05-16,42.6,60.9,79.0,0.70,22.06
2021-05-17,43.6,62.5,81.1,0.85,24.16
2021-05-18,43.7,56.2,68.3,0.82,10.45
2021-05-19,39.5,51.4,63.0,0.74,11.48
2021-05-20,35.9,46.9,57.0,0.61,7.07
2021-05-21,37.0,48.3,59.2,0.49,8.02
2021-05-22,39.0,51.7,64.2,0.59,9.86
2021-05-23,40.5,55.3,69.6,0.50,13.45
2021-05-24,44.2,53.9,63.4,0.76,7.27
2021-05-25,50.4,56.5,62.8,0.65,5.10
2021-05-26,45.0,54.3,62.9,0.60,7.73
2021-05-27,43.2,58.5,73.5,0.58,16.38
2021-05-28,45.4,54.4,62.3,0.90,9.84
2021-05-29,45.0,56.8,68.6,1.15,14.14
2021-05-30,44.2,61.9,79.7,1.02,25.54
2021-05-31,46.5,65.1,83.5,0.98,26.71
2021-06-01,49.7,68.4,87.0,1.65,30.78
2021-06-02,55.6,74.5,93.4,2.02,36.38
2021-06-03,52.4,70.6,89.2,1.72,28.15
2021-06-04,50.1,66.7,83.7,1.38,21.88
2021-06-05,49.5,63.7,78.3,1.43,21.55
2021-06-06,40.0,52.9,65.9,0.82,10.46
2021-06-07,43.2,53.8,64.7,0.84,10.77
2021-06-08,44.6,53.5,62.9,0.98,8.95
2021-06-09,38.6,52.5,66.3,0.65,12.05
2021-06-10,39.9,54.5,69.2,0.71,14.63
2021-06-11,46.5,56.8,67.5,1.38,12.43
2021-06-12,49.9,58.7,67.9,0.95,9.00
2021-06-13,53.8,66.1,78.7,1.22,17.20
2021-06-14,58.4,61.8,65.6,0.76,2.05
2021-06-15,48.6,60.7,72.9,0.69,12.96
2021-06-16,47.6,58.0,68.8,1.06,9.97
2021-06-17,48.2,62.9,78.0,1.29,21.77
2021-06-18,48.0,65.3,82.7,1.22,25.92
2021-06-19,48.0,64.0,80.2,1.38,20.23
2021-06-20,48.5,65.1,81.7,1.40,21.12
2021-06-21,57.2,73.1,89.5,1.98,27.55
2021-06-22,56.5,73.8,91.5,1.68,29.54
2021-06-23,54.8,70.0,85.7,1.66,23.94
2021-06-24,52.6,68.0,83.6,1.35,20.93
2021-06-25,51.1,69.9,88.5,1.14,28.91
2021-06-26,59.4,75.7,92.4,1.98,31.22
2021-06-27,63.5,82.3,101.7,2.32,46.66
2021-06-28,68.2,88.0,108.1,3.04,62.54
2021-06-29,57.6,82.1,106.5,2.09,53.97
2021-06-30,58.7,73.3,88.4,2.06,25.47
2021-07-01,61.1,66.8,72.5,2.34,9.87
2021-07-02,60.8,69.2,77.5,2.33,14.55
2021-07-03,56.6,70.9,85.3,1.30,23.38
2021-07-04,54.7,71.8,88.9,1.14,30.38
2021-07-05,52.8,70.2,87.6,1.11,30.64
2021-07-06,52.4,70.1,87.8,1.20,32.95
2021-07-07,53.9,72.7,91.6,1.58,37.20
2021-07-08,53.3,65.7,78.1,1.64,17.39
2021-07-09,49.8,64.4,78.9,0.95,20.91
2021-07-10,48.8,69.5,90.2,0.90,34.54
2021-07-11,52.6,71.1,89.6,1.08,32.81
2021-07-12,51.2,69.8,88.3,1.20,29.90
2021-07-13,51.9,69.4,86.9,1.11,27.63
2021-07-14,51.2,69.4,87.6,1.08,28.03
2021-07-15,50.5,67.9,85.2,1.08,25.81
2021-07-16,49.7,64.6,79.5,0.87,20.07
2021-07-17,48.7,64.5,80.4,0.92,20.86
2021-07-18,50.1,66.2,82.4,0.98,22.44
2021-07-19,49.3,68.1,86.8,1.13,30.73
2021-07-20,51.7,69.4,87.0,1.39,29.92
2021-07-21,51.0,66.1,81.1,1.15,20.81
2021-07-22,52.2,64.2,76.3,1.76,19.04
2021-07-23,50.1,66.1,82.1,1.68,27.21
2021-07-24,49.8,68.1,86.5,1.46,32.38
2021-07-25,56.4,74.2,92.1,2.15,36.27
2021-07-26,55.6,73.7,91.7,1.53,35.41
2021-07-27,56.4,73.6,90.8,2.04,33.36
2021-07-28,56.7,73.0,89.3,2.05,31.87
2021-07-29,56.4,74.9,93.5,2.38,39.98
2021-07-30,59.4,78.3,97.3,2.65,46.95
2021-07-31,62.0,77.1,92.1,2.88,33.65
2021-08-01,58.3,71.9,85.6,1.80,23.39
2021-08-02,58.2,75.1,92.0,1.60,33.51
2021-08-03,58.3,76.1,93.9,2.22,35.41
2021-08-04,56.4,73.1,89.7,1.73,28.12
2021-08-05,56.8,76.1,95.5,2.52,42.04
2021-08-06,58.3,68.4,78.4,1.66,15.19
2021-08-07,57.7,71.3,84.8,1.41,21.10
2021-08-08,52.7,69.3,85.9,1.18,22.33
2021-08-09,49.1,63.7,78.4,1.24,21.06
2021-08-10,55.4,70.3,85.3,2.42,27.80
2021-08-11,59.1,76.4,93.6,2.88,37.53
2021-08-12,64.1,82.5,100.8,3.51,49.49
2021-08-13,64.4,82.6,100.9,2.67,46.32
2021-08-14,62.5,79.0,95.4,2.67,34.89
2021-08-15,60.9,77.8,94.8,2.26,35.40
2021-08-16,56.6,75.7,94.8,1.66,37.71
2021-08-17,54.3,68.7,83.1,1.49,22.77
2021-08-18,48.9,60.4,72.0,0.97,14.03
2021-08-19,48.3,65.2,82.2,0.83,24.15
2021-08-20,50.5,66.4,82.4,1.05,21.46
2021-08-21,54.9,65.2,75.6,1.47,15.17
2021-08-22,52.5,63.4,74.3,1.31,15.03
2021-08-23,45.8,57.9,70.0,1.14,12.70
2021-08-24,44.4,59.6,74.8,1.13,18.92
2021-08-25,46.1,64.6,83.0,1.02,28.24
2021-08-26,49.7,64.6,79.6,1.01,21.45
2021-08-27,57.7,68.2,78.8,1.69,16.38
2021-08-28,51.6,64.1,76.5,2.16,18.17
2021-08-29,49.4,68.1,86.8,1.45,31.82
2021-08-30,49.4,68.6,87.8,1.42,32.65
2021-08-31,50.8,62.0,73.2,1.72,16.61
2021-09-01,47.1,59.8,72.5,1.72,17.18
2021-09-02,45.5,61.2,77.0,1.57,22.12
2021-09-03,45.9,64.7,83.6,1.15,30.25
2021-09-04,46.2,65.0,83.7,1.54,29.57
2021-09-05,46.7,67.6,88.4,1.41,35.15
2021-09-06,53.0,69.4,85.7,1.34,23.93
2021-09-07,53.1,68.4,83.7,1.77,28.21
2021-09-08,51.4,68.1,84.9,1.41,25.38
2021-09-09,52.9,71.1,89.4,1.87,36.43
2021-09-10,53.2,69.1,85.0,1.63,24.69
2021-09-11,46.9,59.2,71.4,1.12,12.41
2021-09-12,46.6,63.6,80.5,1.06,25.66
2021-09-13,50.3,63.4,76.5,2.02,16.56
2021-09-14,48.5,62.2,75.8,1.58,19.17
2021-09-15,46.4,64.6,82.7,1.22,26.73
2021-09-16,45.5,59.9,74.3,2.52,19.40
2021-09-17,42.5,58.9,75.3,1.58,21.86
2021-09-18,44.9,60.4,75.8,1.00,21.86
2021-09-19,53.5,59.9,66.3,1.08,7.17
2021-09-20,48.3,57.5,66.7,0.71,8.65
2021-09-21,48.1,59.8,71.5,0.88,13.53
2021-09-22,48.4,65.2,81.9,0.96,22.66
2021-09-23,52.5,62.8,73.0,1.27,13.10
2021-09-24,53.0,64.1,75.3,1.43,15.83
2021-09-25,49.5,67.8,86.2,1.05,29.82
2021-09-26,52.1,67.0,81.9,1.11,24.13
2021-09-27,56.1,66.2,76.3,1.59,18.93
2021-09-28,50.4,54.8,59.2,0.80,1.97
2021-09-29,43.9,54.1,64.3,0.70,9.77
2021-09-30,44.5,57.2,70.0,0.76,13.57
2021-10-01,48.9,57.6,66.3,0.27,6.49
2021-10-02,41.7,53.7,65.7,0.10,9.14
2021-10-03,40.6,55.5,70.3,0.08,12.77
2021-10-04,42.4,57.1,71.8,0.20,14.19
2021-10-05,47.2,55.8,64.4,0.12,5.53
2021-10-06,44.3,50.8,57.2,0.13,3.12
2021-10-07,40.1,50.6,61.1,0.07,7.89
2021-10-08,36.1,48.5,60.9,0.07,9.69
2021-10-09,37.7,49.6,61.6,0.08,10.08
2021-10-10,42.6,53.8,65.0,0.18,9.65
2021-10-11,39.8,49.6,59.3,0.08,7.04
2021-10-12,33.8,46.1,58.5,0.06,8.72
2021-10-13,33.4,44.4,55.3,0.06,6.62
2021-10-14,40.6,47.6,54.5,0.02,3.11
2021-10-15,41.6,51.0,60.5,0.02,4.82
2021-10-16,40.3,53.6,66.8,0.02,9.88
2021-10-17,40.5,54.1,67.7,0.05,10.35
2021-10-18,45.4,54.1,62.8,0.11,7.40
2021-10-19,39.0,47.4,55.7,0.03,3.97
2021-10-20,39.0,47.0,55.1,0.03,2.80
2021-10-21,46.2,53.3,60.5,0.14,5.71
2021-10-22,45.3,55.4,65.6,0.10,8.33
2021-10-23,50.0,53.9,57.9,0.20,3.23
2021-10-24,49.2,52.5,55.8,0.07,2.61
2021-10-25,49.4,53.5,57.6,0.08,4.56
2021-10-26,48.2,51.7,55.3,0.34,4.74
2021-10-27,49.0,52.7,56.5,0.12,3.18
2021-10-28,48.8,53.3,57.7,0.17,3.22
2021-10-29,54.7,61.7,68.7,0.35,5.38
2021-10-30,44.9,51.7,58.6,0.42,4.86
2021-10-31,41.6,52.1,62.5,1.53,10.50
2021-11-01,40.5,50.8,61.1,0.88,8.84
2021-11-02,43.6,49.6,55.7,0.00,2.55
2021-11-03,47.7,51.0,54.4,0.06,1.17
2021-11-04,48.6,54.3,60.0,0.08,3.18
2021-11-05,48.1,52.9,57.6,0.44,2.50
2021-11-06,44.6,49.7,54.7,0.32,4.66
2021-11-07,39.5,45.7,51.9,0.19,3.67
2021-11-08,36.3,42.9,49.4,0.03,2.46
2021-11-09,35.1,43.1,51.0,0.02,2.62
2021-11-10,41.7,48.1,54.5,0.11,5.53
2021-11-11,42.9,49.4,55.8,0.06,4.66
2021-11-12,54.3,59.5,64.7,0.13,3.53
2021-11-13,51.1,57.0,62.9,0.06,2.91
2021-11-14,50.6,56.2,61.7,0.07,2.46
2021-11-15,51.6,58.3,65.0,0.34,5.17
2021-11-16,34.5,46.9,59.4,0.07,3.93
2021-11-17,32.6,42.1,51.5,0.03,5.13
2021-11-18,33.6,41.7,49.9,0.15,4.40
2021-11-19,40.9,47.2,53.5,0.13,2.00
2021-11-20,34.5,43.9,53.4,0.02,4.18
2021-11-21,29.5,40.5,51.5,0.03,4.80
2021-11-22,30.4,35.0,39.5,0.00,0.28
2021-11-23,32.9,40.9,48.8,0.02,2.69
2021-11-24,33.2,42.9,52.7,0.00,3.91
2021-11-25,33.9,38.1,42.2,0.03,0.65
2021-11-26,35.8,45.6,55.4,0.03,7.31
2021-11-27,46.3,50.4,54.5,0.10,2.08
2021-11-28,48.4,54.7,60.9,0.00,2.26
2021-11-29,48.4,54.9,61.5,0.06,5.92
2021-11-30,43.8,52.8,61.7,0.00,4.63
2021-12-01,42.8,50.9,59.0,0.00,3.75
2021-12-02,41.1,52.6,64.0,0.00,6.57
2021-12-03,38.8,46.9,54.9,0.35,4.40
2021-12-04,33.5,40.6,47.8,0.03,3.06
2021-12-05,35.0,43.6,52.2,0.03,2.64
2021-12-06,31.8,39.1,46.4,0.09,3.07
2021-12-07,38.8,43.8,48.8,0.04,0.71
2021-12-08,46.8,52.0,57.1,0.05,2.36
2021-12-09,33.2,41.0,48.8,0.06,3.72
2021-12-10,34.3,38.7,43.1,0.03,1.34
2021-12-11,35.6,41.0,46.4,0.00,2.56
2021-12-12,40.7,44.1,47.6,0.11,1.25
2021-12-13,37.6,41.7,45.8,0.07,2.06
2021-12-14,31.1,35.8,40.5,0.03,0.82
2021-12-15,29.5,35.8,42.1,0.00,1.54
2021-12-16,37.2,41.0,44.9,0.16,2.76
2021-12-17,36.8,43.1,49.4,0.01,1.93
2021-12-18,38.4,43.3,48.1,0.10,2.60
2021-12-19,37.0,44.3,51.7,0.12,3.03
2021-12-20,36.0,38.8,41.6,0.07,0.53
2021-12-21,38.5,41.8,45.1,0.03,0.54
2021-12-22,36.7,41.1,45.5,0.06,1.15
2021-12-23,42.7,45.9,49.2,0.13,1.65
2021-12-24,39.1,43.1,47.1,0.31,2.66
2021-12-25,34.4,38.5,42.5,0.12,1.36
2021-12-26,31.0,35.0,39.0,0.09,0.78
2021-12-27,25.4,30.3,35.3,0.02,0.91
2021-12-28,24.2,28.9,33.6,0.02,1.02
2021-12-29,31.4,33.7,36.0,0.08,0.55
2021-12-30,29.7,32.6,35.4,0.06,1.14
2021-12-31,33.3,37.7,42.1,0.16,1.26
